A1,A2,A3,A4,A5,A6,A7,A8,A9,A10,A11,A12,A13,A14,A15,class
1.0,58.67,4.46,2.0,,11.0,4.0,3.04,1.0,1.0,6.0,0.0,0.0,00043,,0
,24.50,0.5,2.0,1.0,11.0,4.0,1.5,1.0,0.0,0.0,0.0,0.0,,824.0,0
2.0,27.83,1.54,2.0,1.0,13.0,8.0,,1.0,1.0,5.0,1.0,,,3.0,0
2.0,,5.625,2.0,,,8.0,1.71,1.0,0.0,0.0,0.0,2.0,00120,0.0,0
2.0,32.08,4.0,2.0,,10.0,8.0,2.5,1.0,0.0,0.0,1.0,0.0,00360,,0
2.0,33.17,,2.0,1.0,12.0,,6.5,1.0,0.0,,1.0,,,,0
1.0,22.92,,2.0,1.0,3.0,,0.04,,0.0,0.0,0.0,,00080,1349.0,0
2.0,54.42,,3.0,3.0,9.0,,3.96,1.0,0.0,0.0,0.0,0.0,00180,,0
2.0,42.50,4.915,3.0,,13.0,8.0,3.165,,,,1.0,0.0,00052,1442.0,0
,22.08,0.83,2.0,1.0,2.0,4.0,2.165,0.0,0.0,0.0,1.0,0.0,00128,0.0,0
2.0,29.92,1.835,2.0,1.0,,4.0,,,0.0,0.0,0.0,,00260,200.0,0
,38.25,6.0,2.0,,9.0,,,1.0,0.0,0.0,1.0,0.0,,0.0,0
2.0,48.08,6.04,,,,8.0,0.04,0.0,0.0,,0.0,0.0,00000,,0
1.0,45.83,10.5,2.0,1.0,11.0,,5.0,1.0,,,1.0,,00000,0.0,0
2.0,36.67,4.415,,3.0,9.0,8.0,0.25,1.0,1.0,10.0,1.0,0.0,00320,0.0,0
2.0,28.25,0.875,2.0,1.0,10.0,,0.96,1.0,1.0,3.0,1.0,0.0,00396,0.0,0
1.0,23.25,5.875,2.0,,11.0,8.0,3.17,1.0,1.0,,0.0,0.0,00120,245.0,0
2.0,21.83,0.25,2.0,1.0,4.0,,0.665,,0.0,,1.0,0.0,,0.0,0
1.0,19.17,8.585,2.0,1.0,,4.0,,,1.0,7.0,0.0,0.0,00096,0.0,0
,25.00,11.25,2.0,1.0,2.0,,,,1.0,17.0,0.0,0.0,00200,1208.0,0
2.0,23.25,1.0,2.0,,2.0,8.0,0.835,1.0,0.0,,0.0,2.0,00300,0.0,0
1.0,47.75,8.0,2.0,1.0,2.0,8.0,,1.0,1.0,6.0,1.0,0.0,,1260.0,0
1.0,27.42,14.5,,1.0,14.0,,3.085,1.0,1.0,1.0,0.0,0.0,00120,11.0,0
1.0,41.17,6.5,2.0,,11.0,8.0,0.5,1.0,,3.0,1.0,0.0,00145,,0
,15.83,0.585,2.0,1.0,2.0,4.0,1.5,1.0,1.0,,,,00100,0.0,0
1.0,,13.0,2.0,,7.0,1.0,5.165,,1.0,9.0,1.0,0.0,00000,0.0,0
,56.58,18.5,2.0,,4.0,1.0,15.0,1.0,1.0,,1.0,,,0.0,0
,,8.5,2.0,1.0,5.0,4.0,7.0,,1.0,3.0,0.0,0.0,00000,0.0,0
2.0,42.08,1.04,2.0,,13.0,8.0,5.0,1.0,1.0,6.0,1.0,,00500,10000.0,0
2.0,29.25,,2.0,1.0,1.0,8.0,5.04,1.0,1.0,5.0,,,,0.0,0
2.0,42.00,9.79,2.0,1.0,14.0,4.0,7.96,1.0,1.0,8.0,0.0,0.0,00000,0.0,0
2.0,49.50,7.585,,1.0,7.0,1.0,,1.0,1.0,15.0,1.0,0.0,00000,5000.0,0
,,,2.0,,5.0,,5.0,1.0,,0.0,,0.0,00000,4000.0,0
1.0,22.58,,2.0,1.0,11.0,8.0,0.415,1.0,1.0,5.0,,0.0,00000,560.0,0
2.0,,1.5,2.0,1.0,,8.0,,1.0,1.0,11.0,1.0,0.0,00434,35.0,0
,27.25,1.585,,1.0,3.0,,1.835,,1.0,,1.0,,,713.0,0
1.0,,11.75,2.0,1.0,14.0,4.0,,,1.0,,,0.0,,551.0,0
2.0,27.75,0.585,3.0,,3.0,8.0,0.25,1.0,1.0,,0.0,0.0,00260,500.0,0
2.0,54.58,9.415,2.0,1.0,,3.0,14.415,1.0,1.0,,1.0,0.0,,,0
2.0,34.17,9.17,2.0,1.0,2.0,8.0,4.5,1.0,1.0,12.0,1.0,,00000,221.0,0
2.0,28.92,15.0,2.0,1.0,2.0,4.0,5.335,,,11.0,,0.0,00000,2283.0,0
2.0,29.67,1.415,2.0,1.0,13.0,,0.75,1.0,1.0,,,,00240,100.0,0
2.0,39.58,13.915,2.0,,,8.0,8.625,1.0,,6.0,1.0,0.0,00070,0.0,0
2.0,56.42,28.0,3.0,3.0,2.0,8.0,28.5,,1.0,40.0,,0.0,00000,15.0,0
2.0,54.33,6.75,,,2.0,4.0,2.625,1.0,1.0,11.0,1.0,0.0,00000,,0
,41.00,2.04,3.0,3.0,11.0,4.0,,,,,1.0,0.0,,1236.0,0
2.0,31.92,4.46,,1.0,3.0,4.0,6.04,1.0,1.0,,0.0,,00311,300.0,0
2.0,41.50,1.54,,1.0,,1.0,3.5,,0.0,0.0,0.0,0.0,,0.0,0
2.0,23.92,,2.0,1.0,2.0,8.0,0.165,0.0,0.0,0.0,0.0,0.0,00100,0.0,0
1.0,25.75,0.5,,,2.0,4.0,0.875,1.0,0.0,0.0,1.0,0.0,00491,0.0,0
2.0,,,,1.0,11.0,8.0,1.75,1.0,0.0,0.0,1.0,0.0,00280,0.0,0
2.0,37.42,2.04,,1.0,13.0,8.0,,1.0,0.0,0.0,1.0,0.0,00400,5800.0,0
2.0,,2.5,2.0,1.0,13.0,8.0,,,,0.0,1.0,0.0,00239,,0
2.0,,3.0,2.0,1.0,3.0,4.0,7.415,,0.0,0.0,,0.0,00000,,0
2.0,,11.625,3.0,,13.0,8.0,0.835,1.0,0.0,0.0,1.0,0.0,00160,300.0,0
2.0,23.17,,,1.0,,8.0,0.085,1.0,0.0,0.0,0.0,,00000,0.0,0
2.0,44.33,0.5,2.0,1.0,7.0,,,1.0,,,1.0,0.0,00320,,0
2.0,,4.5,,1.0,14.0,4.0,,0.0,0.0,0.0,1.0,2.0,00711,,0
2.0,,3.0,2.0,1.0,11.0,4.0,6.0,1.0,1.0,,0.0,0.0,00080,,0
2.0,56.75,12.25,2.0,1.0,10.0,8.0,1.25,1.0,1.0,4.0,1.0,0.0,00200,0.0,0
2.0,31.67,16.165,2.0,1.0,,8.0,3.0,1.0,,9.0,,0.0,,,0
1.0,23.42,0.79,3.0,3.0,11.0,,1.5,1.0,1.0,,1.0,0.0,00080,400.0,0
1.0,20.42,0.835,2.0,1.0,11.0,8.0,1.585,1.0,1.0,1.0,0.0,0.0,00000,0.0,0
2.0,26.67,4.25,2.0,1.0,3.0,8.0,4.29,1.0,,1.0,1.0,0.0,00120,,0
2.0,34.17,1.54,2.0,1.0,3.0,8.0,1.54,1.0,1.0,1.0,1.0,,00520,50000.0,0
1.0,,1.0,2.0,1.0,2.0,,2.0,1.0,1.0,11.0,0.0,,00000,456.0,0
2.0,25.50,,2.0,1.0,,,0.25,,1.0,3.0,0.0,0.0,00260,15108.0,0
2.0,19.42,6.5,2.0,1.0,13.0,4.0,1.46,1.0,1.0,,0.0,0.0,00080,2954.0,0
2.0,35.17,25.125,2.0,1.0,14.0,4.0,1.625,1.0,1.0,,1.0,0.0,,500.0,0
2.0,32.33,,2.0,1.0,5.0,1.0,1.585,1.0,0.0,,,2.0,00420,0.0,1
2.0,34.83,4.0,2.0,1.0,4.0,1.0,12.5,1.0,0.0,0.0,1.0,0.0,0,0.0,1
,38.58,5.0,,1.0,3.0,8.0,13.5,1.0,0.0,0.0,1.0,,00980,0.0,1
2.0,44.25,0.5,2.0,1.0,,8.0,10.75,,0.0,0.0,0.0,2.0,,0.0,1
2.0,,7.0,3.0,3.0,,,1.625,0.0,,,0.0,0.0,,2.0,1
2.0,20.67,5.29,2.0,,11.0,8.0,,1.0,,1.0,0.0,0.0,00160,0.0,1
2.0,34.08,6.5,2.0,1.0,1.0,8.0,0.125,1.0,0.0,,,0.0,00443,0.0,1
1.0,19.17,0.585,3.0,3.0,1.0,,,,,0.0,1.0,0.0,00160,0.0,1
2.0,21.67,1.165,,3.0,9.0,8.0,2.5,1.0,1.0,1.0,0.0,0.0,00180,20.0,1
2.0,21.50,9.75,2.0,,2.0,8.0,,1.0,,,0.0,0.0,00140,0.0,1
2.0,49.58,19.0,2.0,1.0,6.0,3.0,,1.0,1.0,1.0,0.0,0.0,,0.0,1
1.0,,1.5,,,,8.0,2.0,1.0,0.0,0.0,0.0,2.0,,,1
,39.83,0.5,2.0,,10.0,8.0,,1.0,,,0.0,,00288,,1
1.0,0,3.5,,1.0,,8.0,3.0,1.0,0.0,0.0,,0.0,,0.0,1
2.0,27.25,0.625,2.0,1.0,,8.0,0.455,1.0,0.0,0.0,,0.0,,0.0,1
2.0,37.17,,2.0,1.0,2.0,1.0,5.0,1.0,,0.0,1.0,2.0,00280,0.0,1
2.0,0,0.375,2.0,,4.0,8.0,0.875,,0.0,0.0,,,00928,0.0,1
2.0,25.67,2.21,3.0,3.0,1.0,8.0,4.0,1.0,,,0.0,0.0,00188,0.0,1
2.0,34.00,4.5,2.0,1.0,1.0,8.0,1.0,,0.0,,,,,0.0,1
1.0,,1.5,,1.0,8.0,5.0,0.0,1.0,0.0,0.0,1.0,0.0,00100,27.0,1
2.0,,12.75,3.0,3.0,2.0,4.0,5.0,1.0,,,0.0,0.0,00112,0.0,1
2.0,31.42,15.5,,1.0,2.0,8.0,0.5,1.0,0.0,,0.0,,,0.0,1
2.0,,,3.0,3.0,,8.0,8.5,,0.0,,0.0,0.0,00000,,1
2.0,52.33,1.375,3.0,3.0,2.0,4.0,9.46,,0.0,0.0,1.0,,00200,100.0,1
2.0,28.75,,,3.0,2.0,8.0,1.5,1.0,,0.0,1.0,0.0,,225.0,1
1.0,28.58,3.54,2.0,1.0,7.0,1.0,0.5,,0.0,0.0,1.0,0.0,00171,0.0,1
,,0.625,3.0,3.0,1.0,8.0,0.125,,0.0,,0.0,0.0,00180,1.0,1
2.0,0,0.5,,,2.0,1.0,0.835,1.0,0.0,0.0,1.0,,,,1
1.0,22.50,,3.0,3.0,,,,1.0,0.0,0.0,1.0,0.0,,0.0,1
1.0,28.50,1.0,2.0,1.0,11.0,8.0,,1.0,1.0,2.0,1.0,0.0,00167,500.0,1
2.0,37.50,1.75,3.0,,2.0,,0.25,1.0,,0.0,,0.0,00164,400.0,1
2.0,35.25,,,3.0,2.0,,4.0,1.0,,0.0,0.0,0.0,00080,0.0,1
2.0,18.67,5.0,2.0,1.0,,,,1.0,1.0,2.0,0.0,0.0,00000,38.0,1
2.0,25.00,12.0,2.0,1.0,9.0,8.0,2.25,1.0,1.0,2.0,1.0,0.0,00120,5.0,1
,,,3.0,,7.0,4.0,5.75,,1.0,2.0,1.0,0.0,,0.0,1
2.0,54.83,15.5,2.0,1.0,5.0,9.0,,,,20.0,0.0,0.0,00152,130.0,1
2.0,28.75,1.165,2.0,,9.0,8.0,0.5,1.0,0.0,0.0,0.0,2.0,00280,0.0,1
1.0,25.00,,3.0,3.0,,,4.5,1.0,,0.0,0.0,0.0,00120,0.0,1
2.0,40.92,,3.0,3.0,,4.0,10.0,1.0,0.0,,1.0,,,0.0,1
1.0,19.75,0.75,2.0,1.0,2.0,8.0,0.795,1.0,1.0,5.0,1.0,0.0,00140,5.0,1
,29.17,,2.0,,13.0,8.0,,1.0,1.0,3.0,1.0,0.0,00329,0.0,1
1.0,24.50,1.04,3.0,3.0,6.0,3.0,0.5,1.0,,3.0,0.0,0.0,00180,,1
2.0,24.58,12.5,2.0,,13.0,8.0,0.875,1.0,,,1.0,,00260,0.0,1
1.0,33.75,0.75,2.0,1.0,9.0,1.0,,1.0,1.0,3.0,,0.0,,0.0,1
2.0,20.67,,3.0,3.0,2.0,,1.375,1.0,,3.0,1.0,0.0,00140,210.0,1
1.0,25.42,1.125,2.0,1.0,11.0,,1.29,1.0,1.0,2.0,0.0,0.0,00200,0.0,1
2.0,37.75,7.0,2.0,,11.0,,11.5,1.0,1.0,7.0,1.0,,00300,5.0,1
2.0,52.50,6.5,2.0,1.0,9.0,8.0,6.29,1.0,,15.0,0.0,0.0,,11202.0,0
2.0,57.83,7.04,2.0,1.0,,8.0,14.0,1.0,1.0,,1.0,0.0,00360,1332.0,0
1.0,20.75,10.335,,1.0,,4.0,,1.0,1.0,1.0,1.0,0.0,00080,50.0,0
2.0,,6.21,,1.0,,,0.04,1.0,1.0,1.0,0.0,0.0,00200,300.0,0
2.0,25.67,12.5,,,3.0,8.0,,1.0,,67.0,1.0,0.0,00140,258.0,0
1.0,24.75,12.5,2.0,,1.0,8.0,1.5,1.0,1.0,12.0,1.0,0.0,00120,567.0,0
1.0,44.17,6.665,2.0,1.0,11.0,,,1.0,1.0,3.0,1.0,0.0,00000,0.0,0
1.0,23.50,9.0,2.0,1.0,11.0,8.0,,1.0,,5.0,1.0,0.0,00120,0.0,0
2.0,,,,1.0,14.0,4.0,7.5,1.0,1.0,6.0,1.0,0.0,00000,1000.0,0
2.0,47.67,2.5,2.0,1.0,10.0,1.0,2.5,,1.0,12.0,,0.0,00410,,0
2.0,22.75,11.0,2.0,,11.0,8.0,2.5,1.0,1.0,,1.0,0.0,00100,809.0,0
2.0,34.42,,,1.0,7.0,1.0,3.25,,1.0,2.0,0.0,0.0,00274,610.0,0
,28.42,3.5,2.0,1.0,13.0,8.0,0.835,1.0,0.0,0.0,0.0,2.0,00280,0.0,0
,,5.5,2.0,,,9.0,13.0,,1.0,,1.0,,,0.0,0
2.0,20.42,1.835,2.0,,2.0,8.0,2.25,,1.0,1.0,0.0,,00100,150.0,0
,47.42,8.0,2.0,1.0,,1.0,6.5,1.0,,6.0,0.0,,,51100.0,0
2.0,36.25,5.0,,1.0,2.0,1.0,2.5,1.0,1.0,6.0,0.0,,00000,367.0,0
,32.67,5.5,2.0,1.0,,,5.5,1.0,,,1.0,0.0,00408,1000.0,0
2.0,48.58,,2.0,1.0,11.0,4.0,6.0,1.0,0.0,0.0,1.0,0.0,,,0
2.0,39.92,0.54,3.0,,1.0,8.0,0.5,1.0,1.0,3.0,0.0,0.0,00200,1000.0,0
2.0,33.58,,2.0,1.0,10.0,8.0,4.25,1.0,1.0,,0.0,0.0,00204,0.0,0
1.0,18.83,9.5,2.0,1.0,13.0,,1.625,1.0,1.0,6.0,1.0,0.0,00040,600.0,0
1.0,26.92,13.5,2.0,1.0,11.0,4.0,,1.0,1.0,2.0,0.0,0.0,00000,5000.0,0
1.0,31.25,,2.0,1.0,,4.0,,1.0,1.0,9.0,1.0,0.0,,0.0,0
,56.50,16.0,,1.0,8.0,,0.0,1.0,1.0,15.0,0.0,0.0,00000,247.0,0
2.0,,0.29,3.0,3.0,3.0,4.0,,,1.0,8.0,0.0,0.0,,375.0,0
2.0,,11.0,2.0,1.0,,8.0,2.0,1.0,1.0,,0.0,0.0,00080,278.0,0
2.0,27.25,1.665,2.0,1.0,3.0,,,1.0,1.0,,0.0,0.0,,827.0,0
2.0,,,2.0,1.0,3.0,,,1.0,1.0,6.0,0.0,0.0,00160,,0
,23.25,1.5,2.0,1.0,11.0,,2.375,,1.0,3.0,,0.0,00000,582.0,0
1.0,40.33,7.54,3.0,,,4.0,8.0,,,14.0,,0.0,00000,,0
1.0,30.50,6.5,2.0,1.0,2.0,1.0,4.0,1.0,1.0,,1.0,,00000,,0
,52.83,15.0,2.0,1.0,2.0,8.0,5.5,1.0,1.0,14.0,0.0,,00000,2200.0,0
1.0,46.67,0.46,2.0,1.0,3.0,4.0,0.415,1.0,1.0,11.0,1.0,0.0,00440,6.0,0
1.0,58.33,10.0,2.0,1.0,11.0,8.0,4.0,1.0,1.0,,0.0,0.0,,,0
2.0,37.33,6.5,2.0,1.0,10.0,4.0,4.25,1.0,1.0,12.0,1.0,0.0,,0.0,0
2.0,23.08,,2.0,1.0,,8.0,,,1.0,11.0,1.0,0.0,,2184.0,0
2.0,32.75,1.5,,,3.0,4.0,5.5,1.0,,3.0,1.0,0.0,00000,,0
1.0,21.67,,3.0,3.0,8.0,5.0,0.0,1.0,1.0,11.0,1.0,0.0,00000,0.0,0
,28.50,3.04,3.0,3.0,14.0,4.0,2.54,,,,0.0,0.0,,0.0,0
,68.67,15.0,,1.0,5.0,9.0,,1.0,,,0.0,0.0,00000,3376.0,0
2.0,28.00,,2.0,1.0,9.0,4.0,4.165,1.0,1.0,2.0,,0.0,00181,0.0,0
2.0,34.08,0.08,3.0,3.0,10.0,,0.04,1.0,1.0,,1.0,0.0,00280,2000.0,0
2.0,27.67,,,1.0,14.0,4.0,,1.0,1.0,,0.0,0.0,00140,,0
2.0,44.00,2.0,,1.0,,8.0,1.75,1.0,,2.0,1.0,0.0,00000,15.0,0
2.0,25.08,1.71,2.0,1.0,14.0,8.0,1.665,1.0,1.0,1.0,,0.0,00395,20.0,0
2.0,32.00,1.75,,3.0,5.0,4.0,0.04,1.0,0.0,0.0,1.0,0.0,00393,0.0,0
,60.58,,2.0,1.0,11.0,8.0,11.0,1.0,,,1.0,0.0,,10561.0,0
,40.83,,2.0,1.0,11.0,4.0,1.75,1.0,0.0,0.0,0.0,,00029,837.0,0
2.0,19.33,9.5,,1.0,11.0,8.0,1.0,1.0,0.0,0.0,,0.0,00060,400.0,0
1.0,,0.54,2.0,1.0,,8.0,0.04,1.0,0.0,0.0,0.0,0.0,00440,11177.0,0
2.0,36.67,3.25,,1.0,11.0,4.0,,,0.0,0.0,1.0,,,639.0,0
2.0,37.50,1.125,,3.0,4.0,8.0,1.5,0.0,0.0,0.0,1.0,0.0,00431,0.0,0
1.0,25.08,2.54,3.0,3.0,1.0,8.0,0.25,1.0,,0.0,1.0,,00370,0.0,0
2.0,41.33,0.0,2.0,1.0,2.0,1.0,15.0,1.0,0.0,0.0,0.0,,,0.0,0
2.0,56.00,12.5,2.0,1.0,,,8.0,,0.0,0.0,1.0,0.0,00024,,0
,49.83,,,1.0,9.0,,8.5,1.0,0.0,,1.0,0.0,00000,,0
2.0,22.67,10.5,2.0,1.0,11.0,4.0,1.335,1.0,0.0,0.0,0.0,0.0,00100,0.0,0
2.0,27.00,1.5,3.0,3.0,13.0,8.0,0.375,1.0,0.0,0.0,1.0,0.0,,1065.0,0
2.0,25.00,12.5,2.0,1.0,1.0,,3.0,1.0,0.0,0.0,1.0,2.0,,0.0,0
,,,2.0,1.0,1.0,,1.415,,,0.0,0.0,0.0,00160,,0
1.0,18.42,9.25,2.0,,11.0,,,1.0,,4.0,0.0,0.0,00060,540.0,0
2.0,,8.17,,1.0,1.0,8.0,1.96,1.0,,14.0,0.0,0.0,00060,158.0,0
2.0,47.67,0.29,2.0,1.0,2.0,1.0,15.0,,1.0,20.0,0.0,0.0,00000,,0
1.0,21.25,,2.0,1.0,,1.0,0.5,1.0,1.0,4.0,0.0,2.0,00080,,0
1.0,,,2.0,1.0,11.0,8.0,0.165,1.0,1.0,,0.0,0.0,00100,6.0,0
1.0,,,2.0,1.0,2.0,8.0,5.5,,1.0,7.0,,0.0,,3000.0,0
1.0,,5.665,,1.0,,,,1.0,,7.0,0.0,0.0,00129,3257.0,0
2.0,48.75,8.5,2.0,,,,12.5,1.0,1.0,9.0,0.0,0.0,00181,1655.0,0
2.0,40.00,6.5,2.0,,,1.0,3.5,1.0,1.0,1.0,0.0,0.0,00000,,0
2.0,40.58,5.0,2.0,1.0,2.0,8.0,5.0,,1.0,7.0,0.0,0.0,,3065.0,0
1.0,28.67,1.04,,,2.0,,2.5,1.0,1.0,5.0,,,00300,1430.0,0
,33.08,4.625,2.0,1.0,11.0,4.0,1.625,1.0,,2.0,0.0,0.0,00000,0.0,0
2.0,21.33,10.5,,1.0,2.0,,3.0,1.0,,0.0,1.0,0.0,00000,0.0,0
,,0.205,2.0,1.0,7.0,4.0,5.125,1.0,0.0,0.0,,,00400,0.0,0
,,,2.0,1.0,14.0,8.0,2.5,1.0,,,0.0,,00510,,0
2.0,22.67,1.585,3.0,3.0,13.0,8.0,3.085,1.0,1.0,6.0,0.0,0.0,00080,0.0,0
2.0,34.50,4.04,3.0,3.0,7.0,1.0,8.5,1.0,1.0,7.0,1.0,,00195,0.0,0
2.0,28.25,5.04,3.0,,2.0,1.0,1.5,1.0,1.0,8.0,1.0,0.0,,7.0,0
2.0,33.17,3.165,,3.0,,,,,1.0,3.0,1.0,,00380,0.0,0
2.0,48.17,7.625,2.0,1.0,13.0,,15.5,1.0,,12.0,0.0,0.0,00000,,0
2.0,27.58,2.04,3.0,3.0,1.0,8.0,,1.0,1.0,3.0,1.0,,00370,560.0,0
2.0,22.58,10.04,2.0,1.0,14.0,8.0,0.04,1.0,1.0,,0.0,0.0,00060,396.0,0
1.0,24.08,0.5,2.0,1.0,11.0,4.0,1.25,1.0,1.0,1.0,0.0,0.0,,678.0,0
1.0,41.33,1.0,2.0,,7.0,1.0,2.25,1.0,,0.0,1.0,0.0,,300.0,0
2.0,24.83,2.75,2.0,1.0,2.0,8.0,2.25,1.0,,6.0,0.0,0.0,0,600.0,0
,20.75,10.25,2.0,1.0,11.0,8.0,0.71,1.0,1.0,2.0,1.0,0.0,,0.0,0
,36.33,2.125,3.0,3.0,13.0,8.0,0.085,,1.0,,0.0,0.0,,1187.0,0
,35.42,12.0,2.0,,11.0,4.0,14.0,1.0,,8.0,0.0,0.0,00000,6590.0,0
1.0,71.58,0.0,0.0,,0.0,0.0,0.0,,0.0,0.0,0.0,1.0,0,0.0,0
2.0,28.67,9.335,,,11.0,4.0,,1.0,1.0,6.0,0.0,0.0,00381,168.0,0
,35.17,2.5,,1.0,9.0,8.0,4.5,1.0,1.0,7.0,0.0,,00150,1270.0,0
2.0,39.50,,2.0,,2.0,1.0,6.5,,1.0,16.0,0.0,,00117,1210.0,0
2.0,39.33,5.875,2.0,,,,10.0,,1.0,14.0,1.0,0.0,00399,,0
2.0,24.33,6.625,3.0,3.0,4.0,8.0,5.5,1.0,0.0,0.0,1.0,,00100,0.0,0
2.0,60.08,14.5,2.0,1.0,6.0,3.0,18.0,,1.0,15.0,1.0,,00000,1000.0,0
,23.08,11.5,2.0,1.0,7.0,8.0,,,1.0,9.0,0.0,0.0,,742.0,0
,26.67,2.71,3.0,3.0,3.0,8.0,5.25,,,,0.0,,00211,0.0,0
,48.17,3.5,2.0,1.0,1.0,,,,0.0,,0.0,2.0,00230,0.0,0
2.0,,4.04,2.0,1.0,3.0,4.0,7.0,,1.0,8.0,0.0,0.0,00320,,0
2.0,55.92,11.5,2.0,1.0,,3.0,5.0,1.0,1.0,,,0.0,00000,8851.0,0
,53.92,9.625,2.0,,,8.0,,1.0,,5.0,0.0,0.0,00000,,0
,18.92,9.25,3.0,3.0,2.0,8.0,1.0,1.0,1.0,4.0,1.0,0.0,00080,,0
1.0,,,,1.0,1.0,,,1.0,1.0,3.0,1.0,0.0,00156,0.0,0
,65.42,11.0,,1.0,5.0,9.0,,1.0,1.0,7.0,1.0,0.0,00022,0.0,0
1.0,,,2.0,,1.0,,1.375,1.0,,0.0,1.0,,,0.0,0
1.0,18.83,9.54,2.0,1.0,,8.0,0.085,1.0,0.0,0.0,0.0,0.0,00100,0.0,0
1.0,37.75,5.5,,,11.0,8.0,0.125,,0.0,0.0,1.0,0.0,,0.0,0
2.0,23.25,,2.0,1.0,2.0,,0.25,1.0,0.0,0.0,1.0,,,0.0,0
2.0,18.08,5.5,2.0,1.0,9.0,,,1.0,0.0,0.0,,0.0,00080,0.0,0
1.0,,8.46,3.0,3.0,14.0,8.0,2.46,0.0,0.0,0.0,0.0,,,,0
2.0,19.67,,2.0,,11.0,,,,,2.0,1.0,0.0,00080,0.0,0
2.0,22.08,11.0,,1.0,3.0,,,1.0,0.0,0.0,0.0,0.0,00100,0.0,0
,25.17,3.5,2.0,1.0,3.0,8.0,0.625,1.0,,,0.0,,00000,7059.0,0
1.0,47.42,3.0,2.0,1.0,14.0,8.0,13.875,1.0,,2.0,1.0,0.0,00519,1704.0,0
,33.50,1.75,2.0,1.0,14.0,4.0,4.5,1.0,1.0,4.0,,,00253,857.0,0
2.0,27.67,13.75,2.0,1.0,13.0,8.0,5.75,1.0,0.0,0.0,1.0,,00487,500.0,0
,58.42,21.0,,1.0,7.0,1.0,,1.0,1.0,13.0,0.0,0.0,00000,6700.0,0
1.0,20.67,1.835,,1.0,11.0,8.0,,1.0,1.0,,0.0,,00220,2503.0,0
2.0,,0.25,2.0,1.0,7.0,,,1.0,0.0,0.0,1.0,0.0,00000,0.0,0
2.0,21.33,7.5,2.0,1.0,1.0,8.0,1.415,1.0,1.0,1.0,0.0,0.0,00080,9800.0,0
2.0,,4.625,2.0,1.0,11.0,,4.58,1.0,0.0,,0.0,2.0,00000,0.0,0
2.0,38.17,10.125,2.0,1.0,14.0,8.0,2.5,,1.0,,0.0,0.0,00520,,0
2.0,20.50,10.0,3.0,3.0,2.0,8.0,2.5,1.0,,0.0,0.0,2.0,00040,0.0,0
2.0,,25.085,2.0,1.0,13.0,,1.75,1.0,,3.0,0.0,0.0,,14.0,0
2.0,28.33,5.0,2.0,1.0,13.0,8.0,11.0,,0.0,,1.0,0.0,,,0
,18.75,7.5,2.0,1.0,11.0,8.0,2.71,1.0,1.0,5.0,0.0,0.0,0,,0
,18.50,,2.0,1.0,7.0,8.0,,1.0,1.0,2.0,0.0,0.0,,,0
2.0,33.17,3.04,3.0,3.0,,4.0,2.04,1.0,1.0,1.0,1.0,0.0,00180,18027.0,0
2.0,45.00,8.5,,1.0,3.0,4.0,14.0,1.0,1.0,1.0,1.0,0.0,00088,2000.0,0
1.0,,0.21,2.0,1.0,11.0,4.0,0.29,1.0,1.0,11.0,0.0,0.0,00080,99.0,0
0.0,24.50,12.75,2.0,1.0,2.0,1.0,,,1.0,2.0,,0.0,,444.0,0
,21.83,11.0,2.0,1.0,14.0,8.0,,1.0,,,,0.0,00121,0.0,0
2.0,40.25,21.5,,1.0,,9.0,,1.0,,11.0,0.0,0.0,,1200.0,0
2.0,41.42,5.0,2.0,1.0,11.0,4.0,5.0,1.0,,6.0,1.0,0.0,00470,0.0,0
,17.83,11.0,2.0,1.0,,4.0,1.0,1.0,1.0,,0.0,0.0,,3000.0,0
,23.17,,2.0,,14.0,,0.46,1.0,1.0,1.0,0.0,0.0,00100,0.0,0
,0,,2.0,1.0,9.0,,0.25,,0.0,,,0.0,00380,2010.0,1
2.0,18.17,10.25,2.0,1.0,2.0,4.0,1.085,0.0,0.0,0.0,,,,13.0,1
2.0,20.00,11.045,2.0,1.0,,,2.0,0.0,,,1.0,0.0,,,1
2.0,,0.0,,1.0,4.0,,,,0.0,0.0,0.0,,00144,,1
1.0,,9.54,2.0,,7.0,,0.04,0.0,,0.0,0.0,0.0,00200,,1
1.0,24.50,,3.0,3.0,2.0,,0.165,,0.0,0.0,0.0,0.0,00132,0.0,1
2.0,32.75,2.335,2.0,,4.0,4.0,5.75,0.0,0.0,0.0,1.0,0.0,00292,0.0,1
,52.17,0.0,3.0,3.0,6.0,3.0,0.0,0.0,0.0,0.0,0.0,0.0,00000,,1
1.0,48.17,,2.0,,7.0,7.0,0.335,,0.0,0.0,,0.0,00000,120.0,1
1.0,,10.5,3.0,3.0,14.0,4.0,0.0,,0.0,,,0.0,00154,32.0,1
2.0,,0.585,,1.0,6.0,,,0.0,,0.0,,0.0,00145,,1
2.0,17.08,0.085,3.0,,2.0,8.0,0.04,0.0,,,,0.0,00140,722.0,1
,18.33,1.21,,3.0,5.0,2.0,0.0,0.0,0.0,0.0,,0.0,00100,0.0,1
1.0,,6.0,2.0,1.0,4.0,8.0,1.25,,0.0,0.0,0.0,0.0,00272,0.0,1
,59.67,1.54,2.0,1.0,,8.0,0.125,,,,1.0,0.0,00260,0.0,0
2.0,,,2.0,1.0,11.0,6.0,0.21,,0.0,,0.0,0.0,00200,40.0,0
2.0,37.58,0.0,0.0,0.0,,0.0,,,0.0,0.0,0.0,1.0,,0.0,0
2.0,32.33,2.5,2.0,1.0,2.0,8.0,1.25,0.0,0.0,0.0,1.0,0.0,00280,0.0,1
,18.08,6.75,3.0,3.0,10.0,8.0,0.04,0.0,0.0,0.0,0.0,0.0,00140,0.0,1
2.0,38.25,,3.0,3.0,,,0.125,0.0,0.0,0.0,0.0,0.0,00160,0.0,1
2.0,30.67,2.5,2.0,1.0,3.0,,2.25,0.0,0.0,0.0,1.0,2.0,00340,0.0,1
,18.58,5.71,2.0,1.0,4.0,,0.54,,,,0.0,0.0,00120,0.0,1
1.0,19.17,5.415,2.0,1.0,7.0,4.0,0.29,0.0,0.0,0.0,0.0,0.0,00080,484.0,1
1.0,18.17,10.0,3.0,3.0,11.0,4.0,,0.0,0.0,0.0,0.0,0.0,,0.0,1
2.0,24.58,13.5,3.0,,6.0,3.0,0.0,0.0,0.0,0.0,0.0,0.0,0,0.0,1
2.0,16.25,0.835,2.0,,10.0,8.0,,1.0,0.0,,0.0,2.0,,0.0,1
2.0,,0.875,3.0,3.0,2.0,4.0,0.25,0.0,0.0,0.0,0.0,0.0,00280,204.0,1
2.0,23.92,0.585,,3.0,3.0,4.0,0.125,,0.0,0.0,0.0,0.0,,,1
2.0,17.67,,2.0,1.0,2.0,,0.25,0.0,,0.0,0.0,2.0,00080,0.0,1
1.0,16.50,1.25,2.0,1.0,11.0,8.0,0.25,0.0,,,0.0,,00108,98.0,1
2.0,23.25,,2.0,1.0,2.0,8.0,0.125,0.0,1.0,2.0,,,00000,,1
,17.58,10.0,2.0,,,4.0,0.165,0.0,1.0,1.0,,0.0,00120,1.0,1
1.0,0,1.5,2.0,1.0,6.0,3.0,0.0,0.0,1.0,2.0,1.0,0.0,,105.0,1
2.0,29.50,0.58,2.0,,13.0,8.0,0.29,0.0,1.0,1.0,,0.0,,2803.0,1
2.0,18.83,0.415,3.0,,2.0,8.0,,0.0,,,0.0,0.0,00200,1.0,1
,21.75,1.75,3.0,,,,0.0,0.0,,0.0,,,00160,0.0,1
2.0,23.00,0.75,2.0,1.0,10.0,8.0,0.5,0.0,0.0,0.0,1.0,2.0,00320,0.0,1
1.0,18.25,10.0,2.0,1.0,13.0,8.0,1.0,0.0,1.0,1.0,,0.0,00120,1.0,1
2.0,25.42,0.54,2.0,1.0,13.0,8.0,0.165,0.0,1.0,,0.0,,00272,444.0,1
2.0,35.75,2.415,2.0,1.0,13.0,8.0,0.125,0.0,,2.0,0.0,,00220,1.0,1
1.0,16.08,0.335,,,6.0,3.0,0.0,,1.0,1.0,0.0,,00160,126.0,1
1.0,31.92,3.125,,1.0,,3.0,3.04,,1.0,,,0.0,00200,4.0,1
2.0,,,2.0,1.0,6.0,3.0,,0.0,1.0,1.0,0.0,0.0,00070,6.0,1
2.0,32.92,,2.0,,1.0,8.0,1.75,0.0,1.0,2.0,1.0,0.0,00720,0.0,1
,,2.75,2.0,1.0,1.0,,0.665,0.0,1.0,1.0,0.0,0.0,00080,21.0,1
,22.17,12.125,2.0,1.0,2.0,,3.335,0.0,1.0,2.0,1.0,0.0,00180,173.0,1
,,,2.0,1.0,6.0,3.0,6.5,0.0,,1.0,0.0,0.0,00000,10.0,1
,18.25,0.165,2.0,1.0,4.0,,0.25,0.0,,0.0,,2.0,00280,0.0,1
2.0,23.42,1.0,2.0,1.0,2.0,,0.5,0.0,0.0,0.0,,,00280,0.0,1
,,2.875,,,,8.0,0.085,0.0,0.0,,0.0,0.0,00120,0.0,1
,24.75,13.665,,1.0,,4.0,,0.0,,,0.0,0.0,00280,1.0,1
2.0,48.75,26.335,3.0,,6.0,3.0,0.0,1.0,0.0,,1.0,0.0,,0.0,1
2.0,23.50,2.75,,1.0,6.0,,4.5,0.0,0.0,0.0,0.0,0.0,00160,25.0,1
2.0,18.58,10.29,2.0,,6.0,3.0,0.415,,0.0,0.0,0.0,0.0,00080,0.0,1
2.0,27.75,,2.0,,9.0,4.0,0.25,0.0,0.0,,1.0,2.0,00140,0.0,1
,31.75,3.0,3.0,3.0,8.0,5.0,0.0,,0.0,,0.0,0.0,00160,,1
1.0,,4.5,2.0,1.0,13.0,,1.0,0.0,,,1.0,0.0,00360,6.0,1
2.0,19.00,1.75,3.0,3.0,2.0,,2.335,,0.0,0.0,1.0,,00112,6.0,1
1.0,16.33,,,1.0,1.0,8.0,0.125,0.0,0.0,,0.0,0.0,00200,1.0,1
1.0,18.58,10.0,2.0,1.0,,8.0,0.415,0.0,0.0,0.0,0.0,0.0,,42.0,1
2.0,16.25,,3.0,,1.0,,0.25,0.0,0.0,0.0,0.0,0.0,00060,0.0,1
2.0,,0.75,,1.0,10.0,8.0,0.5,1.0,,0.0,1.0,2.0,00320,0.0,1
,21.17,0.25,3.0,3.0,2.0,4.0,,0.0,0.0,0.0,0.0,0.0,00280,,1
2.0,17.50,22.0,1.0,,6.0,,0.0,,0.0,0.0,1.0,,00450,100000.0,0
2.0,19.17,,3.0,3.0,,1.0,,,0.0,0.0,1.0,2.0,00500,1.0,0
2.0,36.75,0.125,,3.0,2.0,8.0,1.5,0.0,0.0,0.0,1.0,0.0,,,0
,21.25,1.5,2.0,1.0,13.0,8.0,1.5,0.0,0.0,0.0,0.0,,,8.0,0
1.0,18.08,0.375,1.0,2.0,3.0,3.0,10.0,0.0,0.0,0.0,1.0,2.0,00300,0.0,0
1.0,,0.375,2.0,1.0,3.0,8.0,0.375,0.0,0.0,0.0,,0.0,,44.0,0
2.0,48.58,0.205,3.0,,9.0,,0.25,1.0,,11.0,0.0,0.0,00380,2732.0,0
,,1.25,2.0,1.0,13.0,8.0,,0.0,0.0,0.0,0.0,,00120,0.0,1
1.0,29.50,1.085,3.0,3.0,14.0,8.0,1.0,0.0,,,,,00280,,1
2.0,30.17,1.085,3.0,,2.0,8.0,0.04,,0.0,0.0,0.0,0.0,00170,179.0,1
0.0,40.83,,2.0,1.0,7.0,1.0,,,0.0,0.0,0.0,2.0,01160,0.0,1
2.0,34.83,2.5,,3.0,13.0,,3.0,0.0,0.0,,0.0,2.0,00200,0.0,1
2.0,0,4.0,3.0,3.0,7.0,8.0,0.085,0.0,0.0,0.0,1.0,,00411,,1
2.0,20.42,,0.0,0.0,0.0,0.0,,0.0,0.0,,0.0,1.0,0,0.0,1
1.0,33.25,2.5,,3.0,2.0,8.0,,0.0,0.0,0.0,,,00000,2.0,1
2.0,34.08,2.5,2.0,1.0,2.0,8.0,1.0,,,,0.0,0.0,00460,16.0,1
1.0,25.25,,2.0,1.0,4.0,8.0,1.0,0.0,0.0,0.0,1.0,,00180,1062.0,1
2.0,,,2.0,1.0,3.0,1.0,0.5,0.0,0.0,0.0,0.0,0.0,,0.0,1
2.0,,0.75,2.0,1.0,11.0,4.0,0.165,0.0,,0.0,1.0,0.0,00220,251.0,1
,47.33,6.5,2.0,1.0,2.0,8.0,1.0,,,0.0,1.0,0.0,,228.0,1
1.0,34.83,1.25,3.0,3.0,,4.0,0.5,0.0,0.0,0.0,1.0,0.0,,,1
1.0,33.25,3.0,3.0,3.0,1.0,,2.0,0.0,0.0,0.0,,0.0,00180,0.0,1
,28.00,3.0,2.0,1.0,13.0,,0.75,0.0,,,1.0,,00300,,1
,39.08,4.0,2.0,1.0,2.0,8.0,,0.0,0.0,0.0,0.0,0.0,00480,0.0,1
,42.75,4.085,2.0,1.0,,8.0,0.04,0.0,0.0,0.0,,0.0,00108,100.0,1
2.0,26.92,2.25,2.0,1.0,7.0,1.0,0.5,0.0,,0.0,1.0,0.0,00640,4000.0,1
2.0,33.75,2.75,2.0,1.0,7.0,1.0,0.0,0.0,,,0.0,0.0,00180,0.0,1
2.0,38.92,,2.0,1.0,9.0,8.0,0.5,0.0,0.0,0.0,1.0,0.0,,2.0,1
2.0,62.75,,,1.0,,9.0,0.0,0.0,0.0,0.0,0.0,0.0,00000,12.0,1
0.0,32.25,,2.0,1.0,2.0,8.0,0.25,0.0,0.0,0.0,,0.0,,122.0,1
2.0,26.75,4.5,3.0,,,1.0,2.5,0.0,0.0,0.0,0.0,,,1210.0,1
2.0,63.33,0.54,2.0,1.0,2.0,,0.585,1.0,1.0,3.0,,0.0,00180,0.0,1
2.0,27.83,1.5,2.0,1.0,13.0,8.0,2.25,,1.0,1.0,1.0,,00100,3.0,1
1.0,26.17,2.0,2.0,1.0,8.0,5.0,0.0,0.0,,0.0,1.0,0.0,,1.0,1
2.0,22.17,0.585,3.0,3.0,,3.0,0.0,0.0,0.0,0.0,0.0,0.0,00100,0.0,1
2.0,,11.5,3.0,3.0,10.0,,1.5,0.0,0.0,0.0,,,,4000.0,1
2.0,30.75,1.585,2.0,1.0,4.0,,0.585,,0.0,0.0,1.0,2.0,00000,0.0,1
2.0,36.67,2.0,2.0,1.0,7.0,8.0,0.25,,0.0,0.0,1.0,0.0,00221,,1
1.0,16.00,0.165,2.0,1.0,,,1.0,0.0,1.0,2.0,1.0,0.0,00320,,1
2.0,41.17,1.335,2.0,1.0,4.0,8.0,0.165,,0.0,0.0,,0.0,00168,,1
1.0,19.50,0.165,2.0,1.0,,,0.04,0.0,0.0,0.0,1.0,0.0,00380,0.0,1
2.0,32.42,3.0,2.0,,4.0,8.0,0.165,0.0,0.0,0.0,1.0,0.0,00120,0.0,1
1.0,36.75,4.71,2.0,1.0,6.0,,0.0,0.0,0.0,0.0,0.0,0.0,00160,0.0,1
1.0,30.25,,2.0,,9.0,,,0.0,0.0,0.0,1.0,2.0,00100,0.0,1
2.0,23.08,2.5,2.0,1.0,6.0,3.0,0.085,0.0,0.0,0.0,1.0,,00100,4208.0,1
,26.83,0.54,2.0,1.0,,,0.0,0.0,0.0,0.0,0.0,0.0,00100,0.0,1
2.0,16.92,0.335,3.0,3.0,9.0,8.0,0.29,0.0,0.0,0.0,0.0,2.0,00200,,1
2.0,24.42,,2.0,1.0,5.0,2.0,0.165,0.0,1.0,2.0,,0.0,00320,1300.0,1
2.0,,1.25,2.0,1.0,10.0,8.0,13.875,,1.0,,1.0,0.0,00352,112.0,1
1.0,22.75,6.165,2.0,,1.0,8.0,0.165,0.0,,0.0,0.0,0.0,00220,1000.0,1
2.0,,,,3.0,10.0,8.0,0.165,,0.0,0.0,,,,0.0,1
,23.58,11.5,,3.0,9.0,4.0,,0.0,0.0,0.0,,0.0,00020,,1
2.0,21.42,0.75,3.0,3.0,12.0,6.0,0.75,0.0,0.0,0.0,1.0,,,2.0,1
,,2.5,3.0,3.0,13.0,8.0,7.0,0.0,0.0,0.0,1.0,0.0,00280,0.0,1
2.0,26.33,13.0,2.0,1.0,5.0,,0.0,0.0,,0.0,1.0,0.0,00140,,1
1.0,45.00,,2.0,1.0,9.0,4.0,1.0,0.0,0.0,,1.0,,00240,0.0,1
2.0,26.25,1.54,2.0,1.0,13.0,8.0,0.125,0.0,,0.0,0.0,0.0,,0.0,1
0.0,28.17,0.585,,1.0,1.0,8.0,,,0.0,0.0,0.0,0.0,00260,1004.0,1
1.0,20.83,0.5,,3.0,5.0,2.0,1.0,0.0,0.0,,0.0,0.0,00260,,1
2.0,28.67,14.5,2.0,1.0,4.0,8.0,,,0.0,,0.0,0.0,,286.0,1
2.0,20.67,,3.0,3.0,2.0,,2.0,0.0,0.0,0.0,1.0,2.0,,0.0,1
2.0,34.42,,2.0,1.0,7.0,,0.125,0.0,0.0,0.0,1.0,0.0,00440,4500.0,1
2.0,33.58,0.25,2.0,1.0,7.0,1.0,,,0.0,0.0,1.0,2.0,00420,0.0,1
2.0,43.17,5.0,2.0,1.0,7.0,1.0,2.25,0.0,0.0,0.0,1.0,0.0,00141,0.0,1
1.0,,7.0,2.0,1.0,2.0,8.0,0.165,0.0,0.0,0.0,0.0,,00160,0.0,1
,,2.5,3.0,3.0,7.0,1.0,4.5,,0.0,0.0,,0.0,00200,,1
1.0,56.83,4.25,3.0,3.0,6.0,,5.0,0.0,0.0,0.0,1.0,0.0,00000,4.0,1
2.0,22.08,11.46,2.0,1.0,9.0,8.0,1.585,0.0,0.0,0.0,,0.0,00100,1212.0,1
2.0,34.00,5.5,3.0,3.0,2.0,8.0,1.5,0.0,0.0,0.0,1.0,,,,1
,22.58,1.5,3.0,3.0,1.0,8.0,0.54,0.0,0.0,0.0,1.0,0.0,00120,,1
2.0,21.17,,2.0,,2.0,8.0,0.5,0.0,,,1.0,2.0,00000,,1
2.0,26.67,14.585,2.0,1.0,7.0,1.0,,0.0,0.0,0.0,,0.0,00178,0.0,1
2.0,22.92,0.17,2.0,1.0,,8.0,,0.0,0.0,0.0,0.0,2.0,00000,0.0,1
2.0,15.17,7.0,2.0,,,8.0,1.0,0.0,0.0,0.0,0.0,0.0,00600,0.0,1
,39.92,,2.0,1.0,,1.0,0.21,0.0,0.0,,0.0,,00550,0.0,1
2.0,,12.5,,1.0,1.0,1.0,0.25,0.0,0.0,0.0,1.0,0.0,00720,0.0,1
2.0,,0.54,2.0,1.0,10.0,8.0,1.0,0.0,0.0,0.0,1.0,0.0,00120,1.0,1
2.0,41.17,1.25,3.0,3.0,13.0,8.0,0.25,0.0,0.0,0.0,,0.0,00000,195.0,1
,33.08,1.625,2.0,1.0,,8.0,0.54,0.0,0.0,0.0,,0.0,00000,,1
2.0,29.83,2.04,3.0,,14.0,,,0.0,0.0,0.0,0.0,,00128,1.0,1
1.0,23.58,0.585,3.0,,6.0,3.0,0.125,0.0,,0.0,,,,87.0,1
,26.17,12.5,3.0,,9.0,4.0,1.25,0.0,0.0,,,0.0,00000,,1
2.0,,2.085,2.0,1.0,2.0,8.0,,0.0,0.0,,0.0,0.0,,0.0,1
,20.75,5.085,,3.0,8.0,8.0,,0.0,,0.0,0.0,0.0,,,1
2.0,,,,1.0,2.0,8.0,0.29,,0.0,0.0,0.0,0.0,00220,,1
,51.92,,2.0,1.0,7.0,1.0,3.085,,0.0,0.0,1.0,0.0,00073,0.0,1
1.0,22.67,0.335,2.0,1.0,11.0,8.0,0.75,0.0,0.0,0.0,0.0,2.0,00160,0.0,1
,34.00,5.085,,3.0,7.0,1.0,1.085,,,,,,00480,,1
1.0,69.50,6.0,,1.0,6.0,3.0,0.0,0.0,0.0,0.0,0.0,2.0,,0.0,1
1.0,,8.125,,3.0,,8.0,0.165,0.0,1.0,2.0,,0.0,0,18.0,1
,19.58,0.665,3.0,3.0,,8.0,1.0,0.0,,1.0,0.0,0.0,02000,,1
2.0,16.00,3.125,2.0,1.0,13.0,8.0,0.085,,1.0,1.0,,0.0,,6.0,1
2.0,17.08,0.25,2.0,1.0,11.0,,0.335,0.0,1.0,4.0,0.0,0.0,00160,8.0,1
2.0,31.25,2.835,2.0,,6.0,,0.0,,1.0,5.0,0.0,0.0,,,1
2.0,25.17,3.0,2.0,1.0,2.0,8.0,,0.0,1.0,1.0,0.0,,,,1
,22.67,0.79,,,7.0,8.0,0.085,0.0,0.0,0.0,0.0,0.0,00144,0.0,1
2.0,,,2.0,,7.0,1.0,,0.0,0.0,,0.0,2.0,00300,0.0,1
2.0,22.25,0.46,2.0,1.0,9.0,8.0,,0.0,0.0,0.0,,,00280,,1
1.0,22.25,1.25,3.0,,,,3.25,0.0,,0.0,0.0,0.0,,0.0,1
2.0,22.50,0.125,3.0,3.0,9.0,,0.125,,,,0.0,,00200,70.0,1
2.0,23.58,1.79,2.0,1.0,,8.0,0.54,0.0,0.0,0.0,1.0,0.0,00136,1.0,1
,38.42,0.705,2.0,1.0,2.0,,0.375,0.0,1.0,,0.0,,00225,500.0,1
,26.58,,,3.0,,3.0,0.0,0.0,0.0,0.0,1.0,0.0,00180,60.0,1
2.0,,2.5,2.0,1.0,,8.0,,0.0,0.0,0.0,1.0,0.0,00210,0.0,1
,20.42,1.085,2.0,1.0,11.0,8.0,1.5,,0.0,0.0,0.0,0.0,00108,,1
2.0,,1.25,2.0,1.0,,,,0.0,,0.0,,,00200,0.0,1
2.0,26.17,0.835,,1.0,3.0,8.0,1.165,0.0,0.0,0.0,0.0,0.0,00100,0.0,1
2.0,33.67,2.165,2.0,,2.0,8.0,,0.0,0.0,0.0,0.0,1.0,00120,0.0,1
2.0,24.58,,2.0,1.0,2.0,8.0,0.25,,0.0,0.0,0.0,0.0,00110,,1
,,,2.0,1.0,13.0,8.0,0.25,0.0,0.0,0.0,1.0,0.0,,50.0,1
,37.50,0.835,,1.0,5.0,,0.04,0.0,,0.0,0.0,0.0,00120,5.0,1
2.0,,2.29,2.0,1.0,6.0,3.0,0.29,0.0,,0.0,0.0,0.0,00200,3.0,1
2.0,33.58,0.335,3.0,3.0,3.0,8.0,0.085,0.0,0.0,0.0,0.0,0.0,00180,,1
2.0,51.83,3.0,3.0,3.0,6.0,3.0,1.5,,0.0,0.0,0.0,0.0,00180,4.0,1
2.0,22.92,3.165,3.0,,2.0,8.0,0.165,,0.0,0.0,0.0,0.0,00160,1058.0,1
2.0,21.83,1.54,2.0,,9.0,8.0,0.085,,0.0,0.0,1.0,0.0,00356,0.0,1
2.0,25.25,1.0,,1.0,1.0,8.0,0.5,,,0.0,0.0,0.0,00200,,1
2.0,58.58,2.71,2.0,1.0,2.0,,2.415,0.0,0.0,0.0,1.0,0.0,,0.0,1
2.0,,0.0,3.0,3.0,6.0,3.0,0.0,0.0,1.0,4.0,0.0,0.0,00045,1.0,1
2.0,19.58,,2.0,1.0,6.0,3.0,0.0,0.0,1.0,,0.0,0.0,00350,769.0,1
1.0,53.33,0.165,,1.0,6.0,,,,0.0,0.0,1.0,,,27.0,1
1.0,27.17,,2.0,1.0,6.0,3.0,0.0,0.0,1.0,1.0,,0.0,00092,300.0,1
2.0,,0.875,2.0,1.0,9.0,8.0,0.375,,1.0,2.0,1.0,,00174,3.0,1
,23.08,0.0,,1.0,9.0,,1.0,,1.0,11.0,0.0,2.0,,0.0,1
2.0,39.58,5.0,,1.0,6.0,3.0,0.0,0.0,1.0,,0.0,0.0,00017,1.0,1
2.0,30.58,2.71,3.0,3.0,10.0,8.0,0.125,0.0,0.0,,1.0,,00080,0.0,1
2.0,17.25,3.0,,,,8.0,,0.0,0.0,0.0,1.0,0.0,00160,40.0,1
1.0,17.67,,,3.0,8.0,3.0,0.0,0.0,0.0,,,0.0,00086,0.0,1
1.0,0,11.25,2.0,,6.0,3.0,0.0,,0.0,0.0,,0.0,0,,1
2.0,16.50,0.125,2.0,1.0,2.0,,0.165,,0.0,0.0,,0.0,00132,0.0,1
1.0,27.33,1.665,,1.0,6.0,3.0,0.0,0.0,0.0,,0.0,0.0,00340,1.0,1
,31.25,,2.0,,6.0,,0.0,,1.0,1.0,0.0,,,19.0,1
2.0,,7.0,2.0,1.0,2.0,8.0,0.5,0.0,0.0,,0.0,0.0,00000,0.0,1
2.0,,3.0,,3.0,7.0,1.0,7.0,,0.0,0.0,0.0,0.0,00000,1.0,1
2.0,39.50,1.625,,1.0,2.0,8.0,,0.0,0.0,0.0,0.0,0.0,00000,316.0,1
,36.50,4.25,,1.0,,8.0,3.5,0.0,0.0,,,0.0,,50.0,1
0.0,,,2.0,1.0,13.0,8.0,0.25,,0.0,,1.0,0.0,,,1
2.0,52.42,1.5,2.0,1.0,4.0,8.0,3.75,0.0,0.0,0.0,1.0,0.0,00000,350.0,1
2.0,,18.125,2.0,1.0,13.0,8.0,0.085,0.0,,0.0,0.0,0.0,,3552.0,1
2.0,34.58,0.0,0.0,0.0,0.0,0.0,0.0,0.0,,0.0,0.0,1.0,,0.0,1
2.0,29.67,0.75,3.0,,2.0,8.0,0.04,,0.0,,,0.0,00240,,1
2.0,36.17,,,,7.0,1.0,5.0,0.0,0.0,0.0,0.0,0.0,00210,687.0,1
2.0,,0.29,3.0,3.0,2.0,8.0,1.5,0.0,0.0,0.0,1.0,0.0,00160,0.0,1
1.0,24.50,2.415,3.0,3.0,2.0,8.0,0.0,0.0,0.0,0.0,0.0,0.0,,0.0,1
2.0,24.08,,2.0,,10.0,8.0,0.085,0.0,,4.0,0.0,0.0,00254,1950.0,1
2.0,21.92,0.5,2.0,1.0,2.0,8.0,0.125,0.0,0.0,0.0,0.0,0.0,00360,0.0,1
1.0,36.58,0.29,,,6.0,3.0,,0.0,,10.0,,,00200,,1
1.0,23.00,,2.0,1.0,8.0,5.0,0.0,0.0,1.0,1.0,0.0,,00200,53.0,1
1.0,27.58,,2.0,,10.0,8.0,2.79,0.0,1.0,,1.0,,00280,10.0,1
2.0,,,2.0,1.0,2.0,8.0,2.5,,,2.0,1.0,0.0,00160,41.0,1
1.0,30.42,1.375,2.0,1.0,13.0,4.0,0.04,0.0,1.0,3.0,0.0,0.0,00000,,1
2.0,,2.335,2.0,1.0,9.0,8.0,0.75,0.0,0.0,0.0,0.0,0.0,00180,,1
2.0,16.33,4.085,2.0,1.0,7.0,4.0,0.415,0.0,0.0,0.0,1.0,0.0,00120,0.0,1
1.0,21.92,11.665,2.0,1.0,9.0,4.0,0.085,0.0,0.0,,0.0,0.0,00320,5.0,1
2.0,21.08,4.125,,3.0,7.0,,,0.0,0.0,0.0,0.0,0.0,00140,100.0,1
2.0,17.42,6.5,,1.0,7.0,8.0,0.125,,0.0,0.0,0.0,0.0,,100.0,1
2.0,19.17,4.0,3.0,3.0,7.0,8.0,,0.0,0.0,0.0,1.0,0.0,00360,1000.0,1
,20.67,0.415,2.0,1.0,,8.0,0.125,0.0,0.0,0.0,,0.0,00000,,1
2.0,26.75,2.0,2.0,1.0,4.0,,,0.0,0.0,0.0,1.0,0.0,00080,0.0,1
,23.58,0.835,2.0,1.0,7.0,4.0,0.085,,,0.0,1.0,0.0,00220,,1
2.0,,2.5,3.0,3.0,7.0,,10.0,,0.0,0.0,,2.0,00200,0.0,1
2.0,22.75,11.5,,,,8.0,,0.0,0.0,0.0,0.0,0.0,00000,0.0,1
0.0,,2.71,3.0,3.0,0.0,0.0,0.085,0.0,0.0,0.0,0.0,2.0,,0.0,1
1.0,16.92,0.5,,1.0,7.0,8.0,0.165,0.0,1.0,6.0,1.0,0.0,00240,,1
,23.50,3.165,3.0,3.0,9.0,8.0,,0.0,1.0,,1.0,0.0,00280,80.0,1
1.0,17.33,9.5,2.0,1.0,1.0,,1.75,0.0,1.0,10.0,,0.0,00000,10.0,1
2.0,23.75,0.415,,3.0,2.0,8.0,0.04,,,2.0,0.0,0.0,00128,6.0,1
2.0,34.67,1.08,2.0,1.0,10.0,8.0,1.165,,0.0,,,2.0,00028,0.0,1
2.0,74.83,19.0,3.0,3.0,6.0,3.0,,0.0,1.0,2.0,0.0,0.0,00000,351.0,1
,,0.125,,3.0,9.0,8.0,0.085,0.0,0.0,0.0,0.0,,00216,2100.0,1
,24.50,13.335,3.0,3.0,,,0.04,0.0,0.0,0.0,1.0,0.0,,475.0,1
,18.83,,3.0,3.0,,3.0,0.0,,0.0,,,0.0,00180,1.0,1
,45.33,1.0,,,11.0,8.0,0.125,0.0,0.0,0.0,1.0,0.0,,0.0,1
1.0,47.25,0.75,2.0,,11.0,,2.75,1.0,1.0,1.0,0.0,0.0,00333,,0
,24.17,0.875,2.0,1.0,,8.0,4.625,1.0,1.0,2.0,1.0,0.0,,2000.0,0
2.0,,,2.0,1.0,,,6.5,1.0,1.0,14.0,0.0,0.0,00240,4607.0,0
1.0,,11.835,2.0,,,,6.0,1.0,,0.0,0.0,0.0,,0.0,0
,,4.415,3.0,3.0,2.0,4.0,3.0,1.0,0.0,0.0,0.0,0.0,00240,0.0,0
2.0,19.17,,2.0,1.0,13.0,8.0,,1.0,0.0,,0.0,0.0,,,0
,25.00,0.875,,1.0,14.0,4.0,,1.0,0.0,0.0,1.0,0.0,,5860.0,0
2.0,20.17,9.25,2.0,1.0,2.0,8.0,1.665,,1.0,3.0,1.0,0.0,00040,28.0,0
2.0,25.75,0.5,2.0,1.0,2.0,8.0,,1.0,1.0,5.0,1.0,0.0,,,0
,20.42,7.0,2.0,,2.0,8.0,1.625,1.0,1.0,3.0,0.0,0.0,00200,1391.0,0
2.0,0,4.0,2.0,1.0,14.0,8.0,5.0,1.0,1.0,3.0,1.0,0.0,00290,2279.0,0
2.0,39.00,5.0,2.0,1.0,3.0,,3.5,,,10.0,1.0,0.0,00000,0.0,0
1.0,64.08,0.165,2.0,1.0,6.0,3.0,0.0,1.0,1.0,,0.0,0.0,00232,100.0,0
2.0,,5.125,2.0,,14.0,8.0,4.75,1.0,1.0,2.0,,0.0,,7.0,0
,28.75,3.75,,,2.0,8.0,1.085,,1.0,1.0,,0.0,00371,0.0,0
2.0,31.33,19.5,2.0,1.0,2.0,,7.0,1.0,1.0,16.0,0.0,,00000,,0
1.0,18.92,9.0,2.0,1.0,1.0,8.0,,1.0,,2.0,,0.0,00088,591.0,0
1.0,,3.0,,1.0,11.0,4.0,,1.0,1.0,19.0,0.0,,00000,500.0,0
1.0,,12.0,2.0,,,8.0,2.0,1.0,1.0,,0.0,0.0,00220,19.0,0
2.0,21.00,4.79,3.0,3.0,13.0,,2.25,1.0,1.0,,1.0,0.0,00080,,0
2.0,,4.0,3.0,3.0,13.0,8.0,1.75,1.0,1.0,2.0,1.0,0.0,00120,1000.0,0
1.0,46.00,,2.0,1.0,8.0,,0.0,1.0,0.0,0.0,,0.0,00100,960.0,0
1.0,44.33,0.0,2.0,,2.0,8.0,,1.0,0.0,0.0,0.0,,00000,0.0,0
2.0,20.25,9.96,2.0,1.0,5.0,,,1.0,0.0,0.0,0.0,0.0,00000,0.0,0
2.0,22.67,2.54,,3.0,2.0,4.0,2.585,1.0,0.0,,0.0,0.0,00000,0.0,0
2.0,0,,,,14.0,,6.5,1.0,0.0,0.0,0.0,0.0,,,0
,60.92,5.0,2.0,1.0,1.0,8.0,,1.0,1.0,4.0,0.0,0.0,,99.0,0
,16.08,0.75,2.0,1.0,2.0,8.0,,1.0,1.0,5.0,1.0,,00352,690.0,0
,28.17,0.375,2.0,,11.0,8.0,,1.0,,4.0,,,00080,,0
2.0,39.17,,,1.0,14.0,8.0,0.125,1.0,1.0,5.0,1.0,0.0,00480,0.0,0
,20.42,7.5,2.0,,9.0,8.0,1.5,,1.0,1.0,0.0,0.0,00160,234.0,0
1.0,,5.29,2.0,,5.0,2.0,2.25,1.0,,5.0,,0.0,00099,500.0,0
2.0,22.83,3.0,2.0,,10.0,,1.29,1.0,1.0,,0.0,0.0,00260,,0
1.0,22.50,8.5,,1.0,11.0,8.0,1.75,1.0,,10.0,,0.0,00080,990.0,1
1.0,28.58,1.665,2.0,1.0,11.0,8.0,2.415,1.0,,,1.0,0.0,00440,0.0,1
,45.17,1.5,2.0,1.0,2.0,,2.5,1.0,0.0,,,,00140,0.0,1
2.0,41.58,1.75,2.0,1.0,9.0,8.0,0.21,1.0,,,0.0,0.0,00160,0.0,1
,57.08,0.335,2.0,,7.0,1.0,1.0,,,,,0.0,00252,2197.0,1
1.0,55.75,7.08,2.0,,,,6.75,1.0,1.0,3.0,1.0,0.0,00100,50.0,1
2.0,43.25,,2.0,1.0,11.0,4.0,0.21,,1.0,1.0,,0.0,00760,90.0,1
1.0,25.33,2.085,2.0,,2.0,4.0,,1.0,0.0,,1.0,0.0,00360,,1
1.0,24.58,,2.0,,1.0,4.0,1.75,1.0,0.0,0.0,0.0,0.0,00400,0.0,1
,43.17,2.25,2.0,1.0,7.0,1.0,0.75,1.0,0.0,,0.0,,00560,0.0,1
2.0,40.92,0.835,2.0,,,3.0,0.0,1.0,0.0,0.0,0.0,0.0,00130,1.0,1
,31.83,,2.0,,1.0,8.0,7.5,,,,,,00523,0.0,1
1.0,33.92,1.585,3.0,,6.0,3.0,,1.0,,0.0,,,00320,0.0,1
1.0,24.92,1.25,,,,3.0,0.0,1.0,,,0.0,,00080,0.0,1
2.0,,,2.0,1.0,,4.0,3.75,,0.0,0.0,1.0,0.0,,0.0,1
2.0,34.25,1.75,,,,1.0,,1.0,0.0,0.0,,0.0,00163,0.0,1
,80.25,5.5,2.0,1.0,0.0,,0.54,1.0,0.0,0.0,0.0,0.0,00000,340.0,1
2.0,,,3.0,3.0,3.0,8.0,2.0,1.0,0.0,0.0,,,00100,,1
2.0,42.75,3.0,2.0,,7.0,1.0,,1.0,0.0,0.0,0.0,0.0,00000,200.0,1
2.0,,10.0,3.0,3.0,9.0,,0.835,1.0,0.0,0.0,,,,,1
2.0,36.33,3.79,2.0,1.0,13.0,8.0,1.165,,,0.0,1.0,0.0,,0.0,1
2.0,30.08,1.04,3.0,3.0,7.0,1.0,0.5,,,,1.0,,00132,28.0,1
,44.25,11.0,3.0,3.0,4.0,8.0,1.5,1.0,,,0.0,2.0,00000,0.0,1
2.0,23.58,0.46,3.0,3.0,13.0,,,1.0,1.0,,1.0,0.0,00208,,1
2.0,23.92,1.5,,1.0,,4.0,1.875,1.0,,6.0,0.0,0.0,,,0
2.0,,,2.0,1.0,,8.0,0.75,1.0,1.0,,1.0,0.0,00340,4071.0,0
2.0,48.33,12.0,2.0,1.0,10.0,8.0,16.0,1.0,0.0,0.0,0.0,2.0,00110,0.0,0
2.0,76.75,22.29,2.0,1.0,5.0,,12.75,1.0,1.0,1.0,1.0,0.0,00000,109.0,0
,51.33,10.0,2.0,,7.0,1.0,,1.0,,11.0,0.0,,00000,1249.0,0
2.0,,15.0,2.0,1.0,12.0,6.0,5.375,1.0,,9.0,1.0,0.0,00000,134.0,0
2.0,,3.335,,,13.0,8.0,4.0,,1.0,,0.0,0.0,00383,1344.0,0
1.0,,11.25,,,14.0,4.0,0.75,1.0,1.0,4.0,0.0,0.0,00000,321.0,0
,,,2.0,1.0,2.0,4.0,0.21,1.0,1.0,6.0,,0.0,00220,948.0,0
2.0,,4.5,2.0,1.0,13.0,,7.5,1.0,1.0,2.0,,0.0,00330,,0
1.0,32.17,1.46,2.0,1.0,13.0,8.0,1.085,1.0,,,0.0,0.0,00120,2079.0,0
2.0,51.42,0.04,2.0,1.0,,4.0,0.04,1.0,0.0,0.0,0.0,0.0,00000,3000.0,0
1.0,22.83,,2.0,1.0,11.0,,2.29,1.0,,,1.0,,00140,2384.0,0
1.0,25.00,,2.0,1.0,3.0,4.0,3.5,1.0,1.0,6.0,0.0,0.0,00400,,0
2.0,,1.125,2.0,1.0,14.0,4.0,1.25,1.0,0.0,0.0,,0.0,00000,5298.0,0
2.0,23.33,,,1.0,2.0,4.0,1.415,1.0,0.0,0.0,0.0,0.0,00422,200.0,0
2.0,24.42,12.335,2.0,1.0,11.0,4.0,,,0.0,0.0,1.0,0.0,00120,0.0,0
,42.17,5.04,2.0,1.0,11.0,4.0,,1.0,,,1.0,0.0,00092,0.0,0
,,3.0,2.0,1.0,,8.0,0.04,1.0,0.0,0.0,0.0,,00100,0.0,0
2.0,,,2.0,1.0,13.0,,2.125,,,11.0,1.0,0.0,00290,284.0,0
1.0,25.17,2.875,,1.0,14.0,4.0,0.875,1.0,0.0,,0.0,0.0,,,0
,,0.375,3.0,,2.0,8.0,0.375,1.0,1.0,8.0,1.0,,,162.0,0
1.0,35.75,0.915,,1.0,1.0,8.0,0.75,1.0,1.0,4.0,0.0,0.0,00000,1583.0,0
2.0,59.50,,2.0,1.0,13.0,8.0,1.75,1.0,1.0,,1.0,0.0,00060,,0
2.0,21.00,3.0,,3.0,4.0,8.0,1.085,1.0,1.0,,1.0,0.0,00160,,0
2.0,,0.54,,3.0,,8.0,,,1.0,1.0,1.0,0.0,00840,59.0,0
1.0,65.17,,2.0,1.0,6.0,3.0,0.0,1.0,,11.0,1.0,0.0,00000,1400.0,0
1.0,20.33,10.0,,1.0,2.0,4.0,,1.0,1.0,4.0,0.0,0.0,,,0
2.0,32.25,0.165,3.0,3.0,2.0,4.0,,1.0,,1.0,1.0,,,,0
2.0,30.17,0.5,,1.0,2.0,8.0,1.75,1.0,1.0,11.0,0.0,0.0,00032,540.0,0
2.0,25.17,6.0,2.0,1.0,2.0,8.0,1.0,1.0,,3.0,,0.0,00000,,0
2.0,39.17,1.625,2.0,,,,1.5,1.0,1.0,,,0.0,00186,4700.0,0
2.0,39.08,6.0,2.0,1.0,10.0,8.0,1.29,1.0,1.0,5.0,1.0,0.0,00108,1097.0,0
2.0,31.67,0.83,2.0,1.0,14.0,8.0,1.335,,1.0,8.0,,0.0,00303,,0
2.0,,0.04,2.0,,5.0,8.0,0.04,0.0,1.0,1.0,0.0,2.0,00560,0.0,0
,48.50,4.25,2.0,1.0,10.0,8.0,0.125,1.0,,,1.0,0.0,00225,,0
2.0,32.67,9.0,3.0,3.0,,4.0,5.25,1.0,0.0,,1.0,0.0,,0.0,0
1.0,28.08,,,3.0,5.0,9.0,0.0,,0.0,0.0,0.0,0.0,,13212.0,0
2.0,,,,1.0,6.0,3.0,0.0,1.0,0.0,,1.0,0.0,,0.0,0
2.0,64.08,,2.0,1.0,14.0,4.0,,1.0,1.0,9.0,1.0,,00000,,0
2.0,51.58,15.0,2.0,1.0,2.0,,8.5,1.0,,9.0,0.0,0.0,00000,0.0,0
2.0,26.67,1.75,3.0,3.0,2.0,8.0,1.0,,1.0,5.0,,0.0,00160,5777.0,0
2.0,25.33,0.58,,1.0,2.0,8.0,0.29,1.0,1.0,7.0,,0.0,00096,5124.0,0
2.0,,,2.0,1.0,3.0,8.0,,1.0,1.0,8.0,,0.0,00330,1200.0,0
2.0,27.00,0.75,2.0,,2.0,4.0,4.25,1.0,1.0,3.0,1.0,,00312,150.0,0
2.0,23.17,,0.0,0.0,0.0,0.0,0.0,0.0,,,0.0,1.0,0,0.0,0
2.0,,5.25,2.0,,,8.0,0.085,0.0,0.0,0.0,1.0,0.0,,6.0,0
2.0,38.67,0.21,,1.0,9.0,8.0,,,0.0,0.0,,0.0,00280,0.0,0
2.0,25.75,0.75,2.0,1.0,2.0,1.0,,1.0,,0.0,0.0,,00349,23.0,0
1.0,46.08,,2.0,1.0,2.0,8.0,2.375,1.0,1.0,8.0,1.0,0.0,00396,4159.0,0
1.0,21.50,6.0,2.0,1.0,,8.0,2.5,1.0,1.0,3.0,0.0,0.0,00080,918.0,0
0.0,20.08,0.125,2.0,1.0,11.0,8.0,1.0,0.0,1.0,,,0.0,00240,768.0,0
2.0,20.50,2.415,2.0,1.0,2.0,8.0,2.0,1.0,1.0,,1.0,0.0,00200,3000.0,0
,29.50,,2.0,,9.0,8.0,0.54,,1.0,4.0,0.0,0.0,00380,500.0,0
,,1.75,3.0,3.0,0.0,0.0,,0.0,0.0,0.0,1.0,0.0,00150,,1
2.0,29.83,1.25,3.0,3.0,9.0,8.0,0.25,0.0,,0.0,0.0,0.0,00224,0.0,1
2.0,,0.25,2.0,1.0,11.0,8.0,0.125,,0.0,,0.0,0.0,00200,0.0,1
2.0,23.42,,2.0,,2.0,4.0,,1.0,0.0,,0.0,,00180,,1
1.0,,1.75,,3.0,9.0,8.0,1.25,0.0,0.0,0.0,1.0,0.0,00280,0.0,1
2.0,16.17,,2.0,1.0,2.0,8.0,0.04,,0.0,0.0,0.0,0.0,00000,0.0,0
2.0,32.33,3.5,2.0,,9.0,,0.5,,0.0,0.0,1.0,0.0,00232,0.0,1
,0,0.04,3.0,,,,4.25,0.0,0.0,0.0,1.0,0.0,00460,0.0,1
,47.83,4.165,2.0,1.0,14.0,1.0,0.085,0.0,0.0,0.0,,,00520,0.0,1
2.0,20.00,1.25,3.0,3.0,9.0,8.0,0.125,0.0,0.0,0.0,0.0,0.0,00140,4.0,1
2.0,,3.25,,3.0,11.0,4.0,,0.0,,2.0,1.0,0.0,00369,1.0,1
2.0,22.00,0.79,,,13.0,,0.29,0.0,1.0,1.0,0.0,0.0,00420,,1
2.0,19.33,10.915,,,2.0,,0.585,,1.0,2.0,1.0,0.0,00200,,1
,38.33,4.415,2.0,1.0,,8.0,0.125,0.0,0.0,0.0,0.0,,00160,,1
2.0,29.42,1.25,,1.0,2.0,4.0,,,1.0,2.0,1.0,0.0,00400,108.0,1
2.0,22.67,0.75,2.0,1.0,,8.0,1.585,0.0,1.0,1.0,1.0,0.0,00400,9.0,1
2.0,32.25,,3.0,,6.0,3.0,0.0,0.0,,2.0,0.0,0.0,00160,1.0,1
2.0,29.58,4.75,2.0,1.0,10.0,,2.0,0.0,1.0,1.0,1.0,0.0,00460,,1
,,10.415,3.0,3.0,1.0,8.0,0.125,1.0,0.0,0.0,0.0,0.0,00120,375.0,1
2.0,,,2.0,1.0,7.0,8.0,0.125,0.0,,0.0,0.0,0.0,00160,,1
,,0.165,,,2.0,5.0,2.25,0.0,,0.0,1.0,2.0,00000,0.0,0
,,,0.0,0.0,0.0,,,0.0,0.0,,0.0,1.0,0,0.0,0
2.0,18.83,0.0,2.0,1.0,11.0,8.0,0.665,,0.0,,0.0,0.0,00160,1.0,1
2.0,21.58,0.79,3.0,3.0,3.0,8.0,0.665,0.0,,0.0,0.0,0.0,00160,0.0,1
2.0,,12.0,2.0,,2.0,8.0,2.085,,0.0,0.0,,2.0,00080,0.0,1
2.0,22.00,7.835,3.0,3.0,7.0,1.0,0.165,0.0,0.0,0.0,1.0,0.0,0,0.0,1
2.0,36.08,,2.0,1.0,6.0,3.0,0.0,0.0,,0.0,0.0,0.0,00000,1000.0,1
2.0,29.25,,2.0,,,4.0,,0.0,0.0,0.0,0.0,0.0,00228,0.0,1
,,0.665,2.0,1.0,,8.0,1.665,0.0,0.0,0.0,,0.0,00220,5.0,1
1.0,22.92,,2.0,1.0,11.0,8.0,0.25,0.0,,0.0,,0.0,00120,809.0,1
1.0,27.25,0.29,,1.0,,4.0,0.125,0.0,1.0,1.0,1.0,0.0,00272,108.0,1
1.0,38.75,1.5,,1.0,6.0,3.0,,0.0,0.0,0.0,,0.0,00076,,1
2.0,,2.165,3.0,3.0,9.0,3.0,0.0,0.0,0.0,0.0,0.0,,00120,0.0,1
1.0,23.75,0.71,2.0,,13.0,8.0,0.25,0.0,1.0,1.0,1.0,0.0,00240,4.0,1
2.0,18.17,2.46,2.0,1.0,,,0.96,0.0,,2.0,1.0,0.0,00160,587.0,1
2.0,40.92,0.5,3.0,3.0,10.0,8.0,0.5,0.0,,,1.0,0.0,00130,0.0,1
2.0,19.50,9.585,2.0,1.0,1.0,8.0,0.79,0.0,,,0.0,0.0,00080,350.0,1
2.0,28.58,3.625,,1.0,1.0,,0.25,,,0.0,1.0,,,0.0,1
2.0,35.58,0.75,2.0,,,,,0.0,0.0,0.0,1.0,0.0,00231,0.0,1
2.0,34.17,,2.0,1.0,7.0,,2.5,0.0,,,1.0,0.0,00232,200.0,1
0.0,33.17,2.25,,3.0,3.0,8.0,3.5,0.0,0.0,0.0,1.0,,00200,141.0,1
2.0,31.58,0.75,3.0,3.0,1.0,,,0.0,0.0,0.0,1.0,0.0,00320,0.0,1
,,7.0,,1.0,1.0,4.0,,0.0,0.0,0.0,,0.0,00000,0.0,1
2.0,36.17,0.42,3.0,3.0,13.0,8.0,0.29,0.0,0.0,0.0,,0.0,00309,2.0,1
2.0,37.33,2.665,2.0,1.0,3.0,8.0,0.165,,0.0,0.0,1.0,0.0,00000,501.0,1
1.0,,8.5,2.0,1.0,2.0,8.0,0.165,0.0,,0.0,0.0,0.0,,351.0,1
2.0,,9.0,2.0,1.0,,,,0.0,0.0,0.0,1.0,0.0,00000,0.0,1
2.0,,0.335,2.0,,9.0,,3.5,0.0,,,1.0,0.0,00340,,1
1.0,,,2.0,,6.0,3.0,0.0,0.0,1.0,6.0,,0.0,00000,,1
2.0,48.08,3.75,2.0,1.0,7.0,1.0,1.0,0.0,0.0,0.0,0.0,0.0,00100,2.0,1
1.0,15.83,7.625,2.0,1.0,11.0,8.0,,0.0,1.0,1.0,1.0,0.0,00000,160.0,1
1.0,,0.415,,1.0,,8.0,0.335,0.0,0.0,,1.0,2.0,00144,0.0,1
2.0,21.50,11.5,2.0,1.0,,8.0,0.5,1.0,0.0,0.0,1.0,,00100,68.0,1
,,0.83,2.0,,11.0,8.0,0.415,0.0,1.0,1.0,1.0,,00200,11.0,1
1.0,21.08,5.0,3.0,,6.0,,0.0,0.0,0.0,0.0,0.0,0.0,00000,0.0,1
2.0,25.67,3.25,2.0,1.0,2.0,4.0,2.29,0.0,1.0,1.0,1.0,0.0,00416,,1
1.0,38.92,1.665,2.0,,1.0,8.0,0.25,0.0,0.0,0.0,0.0,0.0,00000,,1
1.0,15.75,0.375,2.0,1.0,2.0,,,0.0,0.0,,0.0,0.0,00120,18.0,1
,,3.75,2.0,1.0,2.0,8.0,0.25,0.0,,1.0,1.0,0.0,00040,154.0,1
2.0,22.25,9.0,2.0,1.0,1.0,8.0,0.085,0.0,0.0,0.0,0.0,,00000,0.0,1
2.0,29.83,,2.0,,2.0,8.0,0.165,0.0,0.0,0.0,,0.0,00216,0.0,1
,,1.5,2.0,,13.0,8.0,0.875,0.0,0.0,0.0,1.0,0.0,00160,0.0,1
2.0,,4.0,3.0,3.0,3.0,,1.5,0.0,,,1.0,0.0,00120,0.0,1
2.0,31.08,1.5,3.0,3.0,13.0,8.0,0.04,0.0,0.0,0.0,,2.0,00160,0.0,1
2.0,31.83,0.04,,3.0,10.0,,0.04,0.0,0.0,0.0,0.0,0.0,,0.0,1
1.0,21.75,11.75,2.0,1.0,2.0,8.0,0.25,,0.0,0.0,,0.0,00180,0.0,1
1.0,17.92,0.54,2.0,,2.0,8.0,1.75,0.0,1.0,1.0,1.0,0.0,,5.0,1
2.0,,,2.0,1.0,,4.0,0.085,0.0,0.0,0.0,,2.0,00252,0.0,1
2.0,51.83,2.04,3.0,3.0,6.0,3.0,1.5,0.0,0.0,,0.0,0.0,00120,1.0,1
2.0,47.17,5.835,2.0,1.0,13.0,8.0,,,,0.0,,0.0,00465,150.0,1
2.0,25.83,12.835,2.0,1.0,,8.0,0.5,0.0,0.0,0.0,0.0,,,2.0,1
1.0,50.25,0.835,2.0,1.0,1.0,8.0,,0.0,0.0,0.0,1.0,0.0,00240,,1
0.0,,2.0,3.0,3.0,,4.0,,0.0,0.0,,0.0,0.0,00256,,1
1.0,37.33,2.5,2.0,1.0,7.0,4.0,0.21,0.0,0.0,0.0,0.0,0.0,00260,,1
1.0,41.58,1.04,2.0,,1.0,8.0,0.665,0.0,0.0,0.0,0.0,0.0,00240,237.0,1
1.0,,10.665,2.0,1.0,,4.0,0.085,0.0,1.0,12.0,1.0,0.0,00129,3.0,1
2.0,19.42,7.25,2.0,1.0,10.0,8.0,0.04,0.0,1.0,1.0,0.0,0.0,00100,1.0,1
1.0,17.92,10.21,2.0,1.0,,3.0,0.0,0.0,0.0,0.0,0.0,0.0,00000,50.0,1
1.0,20.08,1.25,2.0,,2.0,8.0,0.0,0.0,,0.0,0.0,0.0,,0.0,1
2.0,19.50,0.29,2.0,1.0,9.0,8.0,0.29,0.0,,0.0,0.0,0.0,00280,364.0,1
2.0,27.83,1.0,3.0,3.0,,4.0,3.0,0.0,0.0,0.0,0.0,0.0,00176,537.0,1
2.0,17.08,3.29,2.0,1.0,7.0,,0.335,0.0,0.0,0.0,,0.0,00140,,1
,36.42,0.75,3.0,3.0,4.0,8.0,0.585,0.0,0.0,0.0,0.0,0.0,00240,3.0,1
2.0,40.58,,2.0,1.0,10.0,8.0,3.5,0.0,0.0,0.0,1.0,,00400,0.0,1
2.0,,,3.0,3.0,5.0,,,,0.0,0.0,0.0,0.0,,0.0,1
1.0,22.67,,2.0,1.0,2.0,8.0,,0.0,1.0,2.0,1.0,0.0,00200,394.0,1
1.0,25.25,,3.0,3.0,,3.0,2.0,0.0,,1.0,,0.0,,,1
2.0,,0.205,,1.0,1.0,8.0,0.04,0.0,,0.0,0.0,0.0,00280,750.0,1
2.0,35.00,3.375,2.0,1.0,2.0,4.0,8.29,0.0,0.0,,,0.0,00000,0.0,1
